Timestamp,Temp,Humid,SoilHumid,LightIntensity,Treatment
1/12/2024 8:00,34.88833333,84.55333333,52.83333333,26931.2,3
1/12/2024 9:00,35.45666667,82.21916667,62.58333333,29407.57333,3
1/12/2024 10:00,34.18583333,83.64333333,63.41666667,26493.44,3
1/12/2024 11:00,31.85083333,89.0175,65.08333333,16436.48,3
1/12/2024 12:00,32.66,83.465,70.58333333,24220.58667,3
1/12/2024 13:00,32.905,82.61083333,71.41666667,39265.28,3
1/12/2024 14:00,32.69833333,79.82333333,73.08333333,42208,3
1/12/2024 15:00,30.88916667,83.74333333,78.58333333,15524.69333,3
1/12/2024 16:00,29.375,88.58833333,79.41666667,7756.8,3
1/12/2024 17:00,28.25916667,92.84583333,81.08333333,2536.816667,3
1/12/2024 18:00,26.84416667,98.3075,86.58333333,9.068333333,3
1/12/2024 19:00,26.10416667,99.49083333,87.41666667,0.126666667,3
1/12/2024 20:00,25.8975,99.92,89.08333333,0.126666667,3
1/12/2024 21:00,25.8625,99.92,94,0.16,3
5/12/2024 14:00,29.704,85.172,65,25050.112,3
5/12/2024 15:00,30.1225,80.46833333,74.33333333,14235.73333,3
5/12/2024 16:00,29.19583333,82.02,75.75,7195.173333,3
5/12/2024 17:00,27.135,92.845,76,2459.84,3
6/12/2024 16:00,31.705,80.3525,80,2505.92,3
6/12/2024 17:00,30.29416667,87.05583333,79.91666667,795.1958333,3
6/12/2024 18:00,28.60666667,92.2275,79.91666667,0.741666667,3
6/12/2024 19:00,28.1425,95.0575,80.16666667,0.16,3
6/12/2024 20:00,27.73,97.24166667,80.83333333,0.153333333,3
6/12/2024 21:00,27.275,97.37,81,0.16,3
7/12/2024 15:00,32.675,82.5525,57,13033.28,3
7/12/2024 16:00,31.10333333,86.0825,58.5,7229.76,3
7/12/2024 17:00,29.19833333,90.56083333,60.25,1656.966667,3
7/12/2024 18:00,28.24,94.0725,68.25,17.685,3
8/12/2024 11:00,37.145,81.635,52,78745.6,3
8/12/2024 12:00,36.9775,76.54333333,62.83333333,38149.12,3
8/12/2024 13:00,37.01916667,72.20833333,64.25,33442.13333,3
8/12/2024 14:00,38.51583333,66.04,64.08333333,50612.05333,3
8/12/2024 15:00,34.7125,72.63583333,73.83333333,21963.94667,3
8/12/2024 16:00,31.57,80.98583333,75.25,9690.666667,3
8/12/2024 17:00,29.2775,86.08416667,75.08333333,2955.546667,3
8/12/2024 18:00,28.47,89.7,83,273.92,3
18/12/2024 13:00,37.18,65.31,64,68956.16,3
18/12/2024 14:00,36.70083333,61.35833333,64.33333333,51738.45333,3
18/12/2024 15:00,33.68916667,71.065,75,29173.33333,3
18/12/2024 16:00,30.51583333,80.3625,74.33333333,7607.253333,3
18/12/2024 17:00,27.92,88.24333333,75.58333333,2287.186667,3
18/12/2024 18:00,26.61416667,94.885,85.5,45.7725,3
18/12/2024 19:00,26.35083333,96.63,85.16666667,0.2,3
18/12/2024 20:00,26.5275,97.0625,84.5,0.2,3
19/12/2024 9:00,30.505,93.565,58.5,11809.28,3
19/12/2024 10:00,32.42583333,92.62333333,62.75,22359.25333,3
19/12/2024 11:00,35.33916667,89.86083333,63.66666667,30336,3
19/12/2024 12:00,34.55416667,89.9925,72,21853.44,3
19/12/2024 13:00,35.25583333,89.89416667,72,23993.6,3
19/12/2024 14:00,38.58833333,82.7125,71.58333333,28958.29333,3
19/12/2024 15:00,33.80083333,85.70333333,82.66666667,18447.57333,3
19/12/2024 16:00,30.40416667,90.88916667,82.75,7579.733333,3
19/12/2024 17:00,28.45833333,94.44416667,82.91666667,2901.546667,3
19/12/2024 18:00,27.455,96.205,92,314.68,3
20/12/2024 11:00,36.75,59.71,42,34580.48,3
20/12/2024 12:00,38.0575,61.97583333,49.83333333,51504.64,3
20/12/2024 13:00,34.43333333,65.09583333,48.08333333,20620.8,3
20/12/2024 14:00,31.10416667,72.335,50.08333333,10291.62667,3
20/12/2024 15:00,30.5025,74.49416667,59.83333333,9300.906667,3
20/12/2024 16:00,29.4075,76.75583333,60.91666667,5049.28,3
20/12/2024 17:00,27.85416667,84.4075,62.75,725.76,3
20/12/2024 18:00,27.1975,89.72,72.83333333,0.213333333,3
20/12/2024 19:00,26.95,88.58333333,73.22222222,0.168888889,3
21/12/2024 8:00,28.815,80.12,45,13583.36,3
21/12/2024 9:00,31.23416667,73.0775,53.5,17992.53333,3
21/12/2024 10:00,34.4,69.19416667,52.16666667,31243.52,3
21/12/2024 11:00,35.06416667,68.58833333,54.5,30688,3
21/12/2024 12:00,33.74083333,69.15333333,63.83333333,27288.74667,3
21/12/2024 13:00,35.01,65.8075,65.25,29410.56,3
21/12/2024 14:00,30.905,73.26083333,66,9021.013333,3
21/12/2024 15:00,29.22333333,78.63416667,72,5155.306667,3
21/12/2024 16:00,28.12416667,86.54666667,71.58333333,2429.813333,3
21/12/2024 17:00,27.59166667,91.2275,72,1173.93,3
21/12/2024 18:00,26.26,96.37,81,35.88,3
22/12/2024 15:00,29.39666667,90.37333333,52,12576.42667,3
22/12/2024 16:00,28.42166667,88.26916667,52.66666667,5404.053333,3
22/12/2024 17:00,26.49916667,91.59083333,53,2050.293333,3
22/12/2024 18:00,25.49,94.6225,59.83333333,44.4725,3
22/12/2024 19:00,25.18416667,96.09333333,59.91666667,0.16,3
22/12/2024 20:00,24.9425,96.29083333,59.91666667,0.193333333,3
22/12/2024 21:00,24.77,96.33,71,0.24,3
23/12/2024 13:00,37.67,56.034,51,31943.68,3
23/12/2024 14:00,35.63833333,54.19333333,51.25,36020.90667,3
23/12/2024 15:00,34.20333333,56.95166667,59.58333333,24730.24,3
23/12/2024 16:00,28.95666667,71.17,60.83333333,5348.373333,3
23/12/2024 17:00,26.5075,79.76916667,61.91666667,1294.34,3
23/12/2024 18:00,25.24666667,88.78916667,69.16666667,1.720833333,3
23/12/2024 19:00,25.47083333,88.51416667,69.08333333,0.2,3
23/12/2024 20:00,25.3,90.432,70.4,0.16,3
2/1/2025 9:00,45.34714286,49.73142857,51.57142857,52406.85714,3
2/1/2025 10:00,43.02666667,46.73083333,52.25,52804.26667,3
2/1/2025 11:00,45.2025,41.62083333,53.83333333,65742.50667,3
2/1/2025 12:00,43.05333333,42.81,69.33333333,57194.66667,3
2/1/2025 13:00,43.39916667,40.94333333,70.58333333,74984.10667,3
2/1/2025 14:00,42.57333333,41.93,71.75,61292.37333,3
2/1/2025 15:00,39.48833333,48.35166667,80.33333333,38245.97333,3
2/1/2025 16:00,33.5125,62.9025,81.58333333,11039.68,3
2/1/2025 17:00,29.735,75.01,82.75,2817.733333,3
2/1/2025 18:00,27.645,84.775,89.33333333,190.5166667,3
2/1/2025 19:00,26.78666667,92.21416667,90.58333333,0.16,3
2/1/2025 20:00,26.1825,93.75916667,91.75,0.166666667,3
2/1/2025 21:00,26.13666667,94.78666667,96.83333333,0.226666667,3
3/1/2025 13:00,46.545,35.87,65.5,73318.4,3
3/1/2025 14:00,43.9525,42.32,67.08333333,52097.70667,3
3/1/2025 15:00,39.4525,48.44916667,65.58333333,23993.81333,3
3/1/2025 16:00,30.4675,69.81833333,66.91666667,5192.96,3
3/1/2025 17:00,28.24166667,80.42,67.41666667,855.9016667,3
3/1/2025 18:00,27.2075,84.69416667,74.58333333,0.293333333,3
3/1/2025 19:00,26.65416667,87.3225,75.91666667,0.16,3
3/1/2025 20:00,26.28166667,88.84666667,77,0.166666667,3
3/1/2025 21:00,26.03857143,89.79,85.28571429,0.16,3
4/1/2025 13:00,46.045,38.37,62.5,73118.4,3
4/1/2025 14:00,43.4525,44.82,64.08333333,51897.70667,3
4/1/2025 15:00,38.9525,50.94916667,62.58333333,23793.81333,3
4/1/2025 16:00,29.9675,72.31833333,63.91666667,4992.96,3
4/1/2025 17:00,27.74166667,82.92,64.41666667,789.235,3
4/1/2025 18:00,26.7075,87.19416667,71.58333333,0.293333333,3
4/1/2025 19:00,26.15416667,89.8225,72.91666667,0.16,3
4/1/2025 20:00,25.78166667,91.34666667,74,0.166666667,3
4/1/2025 21:00,25.53857143,92.29,82.28571429,0.16,3
9/1/2025 11:00,39.1175,59.61375,50.625,47155.84,3
9/1/2025 12:00,43.28083333,45.74666667,61.5,31236.26667,3
9/1/2025 13:00,46.25,38.79833333,59.91666667,30042.45333,3
9/1/2025 14:00,44.1375,42.16416667,61.58333333,44817.06667,3
9/1/2025 15:00,42.79583333,42.94916667,69.5,39377.49333,3
9/1/2025 16:00,34.2825,60.04583333,67.91666667,10482.56,3
9/1/2025 17:00,30.29416667,73.37833333,69.58333333,5001.013333,3
9/1/2025 18:00,28.38666667,80.315,78.5,148.1858333,3
9/1/2025 19:00,27.21416667,83.99,76.91666667,0.24,3
9/1/2025 20:00,26.30416667,88.05,78.08333333,0.24,3
9/1/2025 21:00,25.74307692,91.67153846,86.46153846,0.227692308,3
9/1/2025 22:00,24.94583333,93.24416667,84.75,0.173333333,3
9/1/2025 23:00,24.4575,94.84583333,86.41666667,0.166666667,3
19/1/2025 11:00,32.45375,63.76375,46.625,25197.44,3
19/1/2025 12:00,38.125,50.39666667,45.16666667,48542.72,3
19/1/2025 13:00,40.90416667,52.28416667,45.83333333,66459.30667,3
19/1/2025 14:00,39.54916667,71.07583333,55.08333333,62059.52,3
19/1/2025 15:00,38.18166667,54.35166667,54,58366.29333,3
19/1/2025 16:00,39.09833333,49.3225,55.66666667,51247.78667,3
19/1/2025 17:00,35.21166667,55.45833333,64.08333333,24986.88,3
19/1/2025 18:00,32.0225,62.955,63,11163.52,3
19/1/2025 19:00,30.52833333,68.5075,64.66666667,7908.906667,3
19/1/2025 20:00,29.1375,75.345,74.08333333,3922.08,3
19/1/2025 21:00,27.4375,84.62583333,73,463.3025,3
19/1/2025 22:00,26.68083333,87.87583333,74.66666667,0.48,3
19/1/2025 23:00,26.265,89.33333333,84.08333333,0.373333333,3
20/1/2025 14:00,31.91916667,68.08,58.66666667,9817.093333,3
20/1/2025 15:00,30.22916667,72.7775,61.16666667,6960,3
20/1/2025 16:00,28.93916667,76.7625,63.41666667,3412.906667,3
20/1/2025 17:00,27.16,84.585,69.08333333,1424.373333,3
20/1/2025 18:00,26.31166667,87.505,72.83333333,34.18583333,3
20/1/2025 19:00,26.15333333,89.27,73.5,0.32,3
20/1/2025 20:00,26.27,89.39,74,0.32,3
21/1/2025 12:00,39.02,54.82833333,64.16666667,50292.05333,3
21/1/2025 13:00,38.5025,52.0125,64.16666667,35230.72,3
21/1/2025 14:00,33.1675,63.68833333,65,12665.6,3
21/1/2025 15:00,30.76666667,72.3875,72.25,7141.866667,3
21/1/2025 16:00,27.784,82.40833333,72.16666667,2421.013333,3
21/1/2025 17:00,25.441,87.905,72.5,1917.12,3
22/1/2025 12:00,39.12,50.71333333,55.33333333,38331.73333,3
22/1/2025 13:00,38.12,52.08083333,55.66666667,21739.94667,3
22/1/2025 14:00,31.96333333,66.66583333,55.83333333,13285.12,3
22/1/2025 15:00,30.51166667,70.40916667,64.66666667,10090.02667,3
22/1/2025 16:00,29.325,74.12583333,64.66666667,7915.52,3
22/1/2025 17:00,28.595,77.42,67.08333333,4956.16,3
22/1/2025 18:00,27.42083333,83.20583333,71.66666667,863.7316667,3
22/1/2025 19:00,26.37666667,91.92916667,71.66666667,0.186666667,3
22/1/2025 20:00,25.68166667,94.4575,74.08333333,0.08,3
22/1/2025 21:00,25.37083333,96.04416667,81,0.153333333,3
22/1/2025 22:00,25.1025,96.98,81.75,0.16,3
23/1/2025 12:00,37.08916667,69.85416667,54.16666667,32938.56,3
23/1/2025 13:00,34.95833333,71.96833333,54.16666667,22059.09333,3
23/1/2025 14:00,32.59916667,78.69083333,55,14012.16,3
23/1/2025 15:00,31.19666667,82.07083333,63.16666667,11842.13333,3
23/1/2025 16:00,29.52333333,85.75833333,63.16666667,5464.96,3
23/1/2025 17:00,28.32333333,89.83333333,64,1669.18,3
23/1/2025 18:00,27.46083333,93.15,75.16666667,33.7225,3
23/1/2025 19:00,27.09666667,95.04583333,75.16666667,0.406666667,3
23/1/2025 20:00,26.64416667,96.5375,76,0.346666667,3
23/1/2025 21:00,25.95083333,97.8475,87.25,0.24,3
23/1/2025 22:00,25.775,98.135,88.5,0.24,3
24/1/2025 14:00,33.01,69.975,67,12229.12,3
24/1/2025 15:00,31.715,72.37,76.66666667,8889.813333,3
24/1/2025 16:00,30.63833333,73.01166667,76,5859.84,3
24/1/2025 17:00,28.72416667,79.77083333,76.25,1358.106667,3
24/1/2025 18:00,27.6375,84.58083333,84.66666667,87.81916667,3
24/1/2025 19:00,26.605,88.83,84,0.173333333,3
24/1/2025 20:00,26.15416667,91.685,84.25,0.8,3
24/1/2025 21:00,25.71833333,92.6175,92.66666667,0.8,3
24/1/2025 22:00,25.19333333,94.12333333,92,0.8,3
25/1/2025 12:00,39.48444444,81.53111111,60.55555556,49009.77778,3
25/1/2025 13:00,38.42416667,64.705,62.58333333,45238.61333,3
25/1/2025 14:00,33.10333333,69.6375,64.41666667,11027.2,3
25/1/2025 15:00,31.43583333,72.9075,65.5,8056.106667,3
25/1/2025 16:00,30.52166667,76.67833333,67.5,5098.026667,3
25/1/2025 17:00,29.12416667,81.83083333,70.08333333,2049.88,3
25/1/2025 18:00,28.08583333,86.14166667,72.75,111.7875,3
25/1/2025 19:00,27.53416667,88.46416667,73.58333333,1.08,3
25/1/2025 20:00,27.27583333,89.69166667,74.25,0.24,3
25/1/2025 21:00,27.21,89.45,75,0.24,3
27/1/2025 6:00,23.47,94.92333333,96,901.1733333,3
27/1/2025 7:00,24.37583333,96.3125,91.66666667,4913.76,3
27/1/2025 8:00,29.83833333,86.59666667,85.33333333,21335.04,3
27/1/2025 9:00,31.55333333,81.9775,86.25,19650.34667,3
27/1/2025 10:00,36.56,65.77083333,83.25,41214.29333,3
27/1/2025 11:00,39.13166667,56.53583333,84,54290.77333,3
27/1/2025 12:00,35.17541667,62.27416667,74.75,31951.57333,3
27/1/2025 13:00,34.1625,62.73958333,77.625,27543.68,3
27/1/2025 14:00,32.62708333,65.29958333,78.83333333,16448.64,3
27/1/2025 15:00,31.23708333,67.745,79.70833333,10566.50667,3
27/1/2025 16:00,29.87375,74.71208333,80.75,6699.093333,3
27/1/2025 17:00,28.99428571,79.39285714,89.78571429,2560.182857,3
27/1/2025 18:00,27.6625,85.69916667,94.91666667,198.735,3
27/1/2025 19:00,26.87333333,90.44416667,93.25,0.253333333,3
27/1/2025 20:00,26.46916667,92.43333333,92.41666667,0.24,3
27/1/2025 21:00,25.93083333,93.0525,91.41666667,0.24,3
27/1/2025 22:00,24.465,92.79,89.66666667,0.24,3
27/1/2025 23:00,23.62,92.66,89,0.24,3
28/1/2025 10:00,30.304,78.284,56.9,20144.128,3
28/1/2025 11:00,31.47583333,72.31666667,59.33333333,26153.81333,3
28/1/2025 12:00,31.64416667,71.425,61.08333333,27347.41333,3
28/1/2025 13:00,30.555,73.2125,62.75,11880.96,3
28/1/2025 14:00,30.38916667,73.02666667,64,13581.22667,3
28/1/2025 15:00,29.8,73.02916667,65.16666667,8575.573333,3
28/1/2025 16:00,28.66083333,76.5675,67.41666667,5766.72,3
28/1/2025 17:00,27.6225,79.09666667,67.83333333,2786.453333,3
28/1/2025 18:00,26.16333333,82.42416667,68.41666667,182.7858333,3
28/1/2025 19:00,25.93,86.32666667,68.41666667,0.32,3
28/1/2025 20:00,25.615,88.52416667,68.25,0.32,3
28/1/2025 21:00,25.27,89.32,68.58333333,0.32,3
28/1/2025 22:00,25.10833333,90.01,68.16666667,0.32,3
28/1/2025 23:00,25.065,90.4425,68,0.26,3
30/1/2025 12:00,35.67333333,67.07,68.5,44588.37333,3
30/1/2025 13:00,34.615,61.7875,71.08333333,27522.13333,3
30/1/2025 14:00,30.8375,67.65333333,70.25,8931.84,3
30/1/2025 15:00,28.87416667,71.74916667,69.66666667,4877.546667,3
30/1/2025 16:00,28.14166667,73.56916667,69.16666667,3064.16,3
30/1/2025 17:00,27.3425,75.275,68.08333333,2213.333333,3
30/1/2025 18:00,25.71666667,84.05666667,83.66666667,227.965,3
30/1/2025 19:00,24.38,89.67166667,86.5,0.24,3
30/1/2025 20:00,23.49166667,92.52,84.83333333,1.253333333,3
30/1/2025 21:00,22.72916667,94.54083333,82.91666667,1.066666667,3
30/1/2025 22:00,22.3,95.82083333,81.16666667,0.313333333,3
30/1/2025 23:00,22.02166667,96.66,80.08333333,0.38,3
31/1/2025 0:00,21.66083333,96.74916667,81.66666667,0.406666667,3
31/1/2025 1:00,21.29416667,97.20416667,87.41666667,0.426666667,3
31/1/2025 2:00,21.2675,97.94,84.25,0.24,3
31/1/2025 3:00,20.97,97.55666667,82.91666667,0.3,3
31/1/2025 4:00,20.55416667,98.13416667,81.58333333,0.286666667,3
31/1/2025 5:00,20.29,98.63083333,80.83333333,0.26,3
31/1/2025 6:00,20.1475,99.0875,80.83333333,167.5025,3
31/1/2025 7:00,22.02083333,97.6475,77.66666667,4351.653333,3
31/1/2025 8:00,28.8675,78.30333333,74.58333333,15672.32,3
31/1/2025 9:00,33.58333333,65.05,72.25,29341.86667,3
31/1/2025 10:00,35.26416667,58.08416667,71.91666667,31109.54667,3
31/1/2025 11:00,36.54916667,56.56083333,73.16666667,35991.46667,3
31/1/2025 12:00,34.97,58.9775,77,39267.84,3
31/1/2025 13:00,35.86833333,51.2825,75.25,52054.61333,3
31/1/2025 14:00,30.52666667,60.95083333,76.58333333,8305.706667,3
31/1/2025 15:00,29.15916667,67.12,74.75,6005.973333,3
31/1/2025 16:00,28.26916667,71.7875,73.5,4816.32,3
31/1/2025 17:00,27.72916667,74.63,72.58333333,3360.853333,3
31/1/2025 18:00,26.44166667,82.0825,77.5,420.4591667,3
31/1/2025 19:00,24.97166667,87.96166667,85.33333333,0.206666667,3
31/1/2025 20:00,24.56833333,91.545,84.83333333,0.24,3
31/1/2025 21:00,24.67666667,92.8925,83.66666667,0.293333333,3
31/1/2025 22:00,24.14333333,95.41083333,79.41666667,0.246666667,3
31/1/2025 23:00,23.53583333,96.61833333,77.58333333,0.24,3
1/2/2025 0:00,22.82666667,98.2175,87.75,0.4675,3
1/2/2025 1:00,22.27666667,97.90416667,89,0.08,3
1/2/2025 2:00,21.8225,98.2975,88.08333333,0.08,3
1/2/2025 3:00,21.60833333,98.52666667,90.25,0.08,3
1/2/2025 4:00,21.59333333,98.675,86.83333333,0.08,3
1/2/2025 5:00,21.35,98.79916667,85.75,0.08,3
1/2/2025 6:00,20.92083333,98.91583333,86.75,195.7941667,3
1/2/2025 7:00,21.70083333,98.84416667,85.16666667,4691.573333,3
1/2/2025 8:00,29.65333333,87.8725,80.33333333,30129.49333,3
1/2/2025 9:00,36.73833333,66.46833333,77.16666667,52513.28,3
1/2/2025 10:00,38.71333333,57.545,73,58594.13333,3
1/2/2025 11:00,39.42166667,53.61333333,69.33333333,68493.65333,3
1/2/2025 12:00,38.98166667,53.54666667,71.91666667,50372.26667,3
1/2/2025 13:00,39.37833333,45.08666667,74.58333333,38147.84,3
1/2/2025 14:00,32.21333333,56.20416667,74.91666667,8784.426667,3
1/2/2025 15:00,31.18666667,58.0525,74.5,8161.706667,3
1/2/2025 16:00,28.81583333,70.75,91.66666667,5483.52,3
1/2/2025 17:00,27.3875,81.23083333,90.33333333,2448.4,3
1/2/2025 18:00,25.93583333,85.95166667,89.83333333,283.5966667,3
1/2/2025 19:00,24.47583333,91.48166667,91.25,0.24,3
1/2/2025 20:00,23.62416667,94.9125,93.75,0.233333333,3
1/2/2025 21:00,22.90416667,95.7,94,0.24,3
1/2/2025 22:00,22.3425,95.915,93.25,0.24,3
1/2/2025 23:00,22.04666667,98.36583333,94.5,0.22,3
2/2/2025 0:00,21.675,99.55,95,0.16,3
2/2/2025 14:00,29.11416667,78.6925,54.33333333,5342.186667,3
2/2/2025 15:00,28.38666667,77.9725,62.58333333,3978.56,3
2/2/2025 16:00,27.875,78.14166667,62.33333333,3653.226667,3
2/2/2025 17:00,27.0875,82.81,63.08333333,2321.813333,3
2/2/2025 18:00,25.675,88.055,68.5,403.7925,3
2/2/2025 19:00,24.12076923,90.90307692,69.15384615,1.138461538,3
2/2/2025 20:00,22.90583333,95.92416667,69.33333333,0.56,3
2/2/2025 21:00,22.06,97.46411765,74.76470588,0.24,3
2/2/2025 22:00,21.76846154,97.72846154,74.61538462,0.24,3
2/2/2025 23:00,21.5,98.06,75,0.24,3
3/2/2025 11:00,44.83666667,43.155,50.33333333,62696.10667,3
3/2/2025 12:00,43.58416667,50.335,61.83333333,55620.26667,3
3/2/2025 13:00,37.60916667,55.15583333,63.83333333,39854.29333,3
3/2/2025 14:00,31.37333333,65.16333333,66.91666667,8752.853333,3
3/2/2025 15:00,28.9225,78.77083333,66.5,6666.24,3
3/2/2025 16:00,28.38583333,78.86833333,68.5,4750.186667,3
3/2/2025 17:00,27.48666667,81.3675,69.08333333,2511.573333,3
3/2/2025 18:00,26.02083333,89.92083333,73.5,297.8625,3
3/2/2025 19:00,24.8775,91.6775,75.08333333,0.413333333,3
3/2/2025 20:00,24.16083333,94.29,74.75,0.306666667,3
3/2/2025 21:00,23.72666667,96.72333333,76.41666667,0.32,3
3/2/2025 22:00,23.30666667,99.01666667,76.75,0.286666667,3
3/2/2025 23:00,23.02,99.31083333,75.08333333,0.28,3
4/2/2025 0:00,23.1875,98.0675,76.91666667,0.3,3
4/2/2025 1:00,22.9225,97.975,76.83333333,0.113333333,3
4/2/2025 2:00,22.58166667,98.01416667,76.08333333,0.08,3
4/2/2025 3:00,22.38666667,98,74.91666667,0.08,3
4/2/2025 4:00,22.2475,98.02916667,74.5,0.08,3
4/2/2025 5:00,22.31416667,98.0675,74.16666667,0.08,3
4/2/2025 6:00,22.5975,98.04833333,73.91666667,145.8658333,3
4/2/2025 7:00,23.71833333,98.09333333,74.5,4074.48,3
4/2/2025 8:00,28.2075,91.575,75,15936.32,3
4/2/2025 9:00,31.4975,81.42583333,75.5,24621.22667,3
4/2/2025 10:00,31.53833333,77.78833333,77.08333333,17195.09333,3
4/2/2025 11:00,33.81166667,72.3975,76.33333333,34843.52,3
4/2/2025 12:00,34.0825,65.415,78.75,31706.45333,3
4/2/2025 13:00,33.97416667,64.74083333,77.25,31999.14667,3
4/2/2025 14:00,31.715,67.36,78.08333333,13837.65333,3
4/2/2025 15:00,30.10166667,72.48333333,80.25,7861.973333,3
4/2/2025 16:00,28.70166667,75.8675,84,4419.626667,3
4/2/2025 17:00,28.02333333,77.1725,81.58333333,2517.173333,3
4/2/2025 18:00,26.63583333,81.40583333,80.25,327.9325,3
4/2/2025 19:00,26.06,85.32,81,0.4,3
5/12/2024 14:00,30.356,92.55,53,18804.736,6
5/12/2024 15:00,31.0575,91.24666667,53.08333333,18469.54667,6
5/12/2024 16:00,29.81083333,89.525,55.41666667,7907.6,6
5/12/2024 17:00,27.95,91.98,56,1643.2,6
6/12/2024 14:00,38.385,62.825,53,28497.92,6
6/12/2024 15:00,37.74833333,66.61666667,60.75,27230.72,6
6/12/2024 16:00,32.09666667,76.99166667,61.5,7173.76,6
6/12/2024 17:00,29.825,87.8525,63.41666667,1159.38,6
6/12/2024 18:00,28.35833333,92.0225,64.83333333,16.27416667,6
6/12/2024 19:00,27.82416667,93.4625,65.5,0.2,6
6/12/2024 20:00,27.63083333,95.1275,64.33333333,0.206666667,6
6/12/2024 21:00,27.39666667,97.22,71.83333333,0.16,6
6/12/2024 22:00,26.9975,97.9925,73.58333333,0.16,6
6/12/2024 23:00,26.58,98.15,78,0.16,6
7/12/2024 15:00,33.0675,93.6575,56.5,13415.36,6
7/12/2024 16:00,30.89166667,96.5825,59.83333333,6813.12,6
7/12/2024 17:00,29.34666667,98.05416667,60.91666667,1605.796667,6
7/12/2024 18:00,28.13333333,98.23583333,61.91666667,6.2025,6
7/12/2024 19:00,27.515,96.35,62.5,0.4,6
18/12/2024 13:00,37.58,53.97,53,64921.6,6
18/12/2024 14:00,36.27833333,54.76,51.83333333,65273.17333,6
18/12/2024 15:00,33.98416667,65.41083333,61.83333333,27827.2,6
18/12/2024 16:00,30.70583333,75.71833333,62.91666667,5768.533333,6
18/12/2024 17:00,28.23083333,83.86333333,63,1766.72,6
18/12/2024 18:00,26.6225,91.15666667,62.75,34.4675,6
18/12/2024 19:00,26.2475,93.04166667,63,0.16,6
18/12/2024 20:00,26.405,93.45,64,0.2,6
19/12/2024 9:00,29.93,90.95,59,10976,6
19/12/2024 10:00,31.39,89.8475,58.41666667,19264,6
19/12/2024 11:00,33.52666667,83.47333333,59.41666667,30339.41333,6
19/12/2024 12:00,33.18416667,82.42166667,59.58333333,20388.69333,6
19/12/2024 13:00,32.865,82.74,58.16666667,28824.96,6
19/12/2024 14:00,33.69666667,80.8975,56.25,38333.86667,6
19/12/2024 15:00,30.93583333,87.40583333,66,17554.13333,6
19/12/2024 16:00,29.30833333,88.92666667,66.91666667,6171.946667,6
19/12/2024 17:00,28.2325,90.93666667,67.83333333,2231.333333,6
19/12/2024 18:00,27.465,93.19,68,260.84,6
20/12/2024 11:00,38.94,53.21,46,39168,6
20/12/2024 12:00,38.89416667,51.66833333,45.33333333,53009.06667,6
20/12/2024 13:00,34.24833333,62.46083333,45,18830.93333,6
20/12/2024 14:00,31.7925,69.02,45.58333333,9603.84,6
20/12/2024 15:00,31.27583333,70.61833333,54.5,8261.76,6
20/12/2024 16:00,29.0975,81.3575,54.41666667,4003.093333,6
20/12/2024 17:00,27.65333333,84.29666667,53.91666667,457.5175,6
20/12/2024 18:00,27.12,86.98,54.83333333,0.18,6
20/12/2024 19:00,26.8725,87.73916667,56.16666667,0.253333333,6
20/12/2024 20:00,26.54,86.945,55,0.32,6
21/12/2024 8:00,28.76,86.365,72,14832.64,6
21/12/2024 9:00,30.005,83.31333333,72.08333333,20989.44,6
21/12/2024 10:00,31.88,80.90333333,73.08333333,32781.65333,6
21/12/2024 11:00,33.15583333,73.39916667,74,32969.38667,6
21/12/2024 12:00,32.2525,71.56083333,73.83333333,29522.77333,6
21/12/2024 13:00,33.9475,66.09833333,74.75,31345.06667,6
21/12/2024 14:00,30.71083333,72.5825,74.83333333,9730.986667,6
21/12/2024 15:00,29.2475,77.35416667,79.16666667,5663.253333,6
21/12/2024 16:00,28.11,81.92333333,79.91666667,2576.426667,6
21/12/2024 17:00,27.47416667,85.71166667,80.5,1255.493333,6
21/12/2024 18:00,26.07,92.145,81,40.63,6
22/12/2024 15:00,28.77666667,89.38333333,61.33333333,9744.213333,6
22/12/2024 16:00,28.74666667,87.09166667,64.41666667,4794.88,6
22/12/2024 17:00,26.945,90.28583333,66.58333333,1898.1,6
22/12/2024 18:00,25.83583333,92.98333333,67.16666667,55.5775,6
22/12/2024 19:00,25.4125,94.22916667,67.41666667,0.24,6
22/12/2024 20:00,25.1425,94.49166667,67.5,0.293333333,6
22/12/2024 21:00,24.89416667,95.015,77,0.4,6
22/12/2024 22:00,24.6,95.73,79,0.4,6
23/12/2024 13:00,35.414,62.508,68.4,50472.96,6
23/12/2024 14:00,33.62416667,62.79916667,70.41666667,35435.09333,6
23/12/2024 15:00,32.69583333,64.93166667,80.66666667,16629.54667,6
23/12/2024 16:00,28.55166667,75.51333333,83.08333333,4776.906667,6
23/12/2024 17:00,26.28,82.0125,84,1133.855,6
23/12/2024 18:00,25.06,88.38083333,84.25,1.545,6
23/12/2024 19:00,25.3775,88.56416667,84.08333333,0.24,6
23/12/2024 20:00,25.14333333,89.21333333,83.75,0.24,6
23/12/2024 21:00,24.88,87.46,84,0.24,6
24/12/2024 9:00,36.54,54.8,51.5,32547.84,6
24/12/2024 10:00,38.81666667,48.665,54.33333333,38234.88,6
24/12/2024 11:00,38.99166667,47.59416667,57.33333333,35788.8,6
24/12/2024 12:00,41.55416667,42.74333333,56.91666667,27600.64,6
24/12/2024 13:00,41.81333333,41.7625,56.91666667,28340.05333,6
24/12/2024 14:00,40.61166667,44.15166667,58.33333333,23806.29333,6
24/12/2024 15:00,35.325,53.4575,72.25,18985.38667,6
24/12/2024 16:00,30.45833333,66.21666667,76.08333333,5893.44,6
24/12/2024 17:00,28.41833333,74.50333333,78,1239.2,6
24/12/2024 18:00,27.165,81.0025,79.25,0.861666667,6
24/12/2024 19:00,26.03416667,84.24916667,80.41666667,0.24,6
24/12/2024 20:00,24.95666667,87.9775,81.33333333,0.306666667,6
24/12/2024 21:00,24.54,88.44,82,0.32,6
3/1/2025 13:00,52.515,31.75,45.5,60805.12,6
3/1/2025 14:00,46.80833333,45.18,45.33333333,35310.08,6
3/1/2025 15:00,36.45416667,61.85833333,56.33333333,9177.6,6
3/1/2025 16:00,30.1875,75.73416667,57.83333333,4030.133333,6
3/1/2025 17:00,28.38,83.33666667,58.66666667,703.1466667,6
3/1/2025 18:00,27.43916667,87.03583333,58.08333333,0.38,6
3/1/2025 19:00,26.9225,88.44333333,58.66666667,0.186666667,6
3/1/2025 20:00,26.58166667,89.395,58.5,0.233333333,6
3/1/2025 21:00,26.30857143,89.92714286,66.57142857,0.24,6
4/1/2025 13:00,50.415,32.35,47.5,60605.12,6
4/1/2025 14:00,44.70833333,45.78,47.33333333,35110.08,6
4/1/2025 15:00,34.35416667,62.45833333,58.33333333,8977.6,6
4/1/2025 16:00,28.0875,76.33416667,59.83333333,3830.133333,6
4/1/2025 17:00,26.28,83.93666667,60.66666667,653.1466667,6
4/1/2025 18:00,25.33916667,87.63583333,60.08333333,0.38,6
4/1/2025 19:00,24.8225,89.04333333,60.66666667,0.186666667,6
4/1/2025 20:00,24.48166667,89.995,60.5,0.233333333,6
4/1/2025 21:00,24.20857143,90.52714286,68.57142857,0.24,6
5/1/2025 13:00,49.315,32.77,41.5,60305.12,6
5/1/2025 14:00,43.60833333,46.2,41.33333333,34810.08,6
5/1/2025 15:00,33.25416667,62.87833333,52.33333333,8677.6,6
5/1/2025 16:00,26.9875,76.75416667,53.83333333,3538.626667,6
5/1/2025 17:00,25.18,84.35666667,54.66666667,496.1733333,6
5/1/2025 18:00,24.23916667,88.05583333,54.08333333,0.326666667,6
5/1/2025 19:00,23.7225,89.46333333,54.66666667,0.193333333,6
5/1/2025 20:00,23.38166667,90.415,54.5,0.233333333,6
5/1/2025 21:00,23.10857143,90.94714286,62.57142857,0.24,6
9/1/2025 10:00,35.665,72.475,51,37411.84,6
9/1/2025 11:00,39.13083333,64.46583333,49.16666667,67429.12,6
9/1/2025 12:00,44.03083333,49.2425,48.08333333,58171.73333,6
9/1/2025 13:00,47.59833333,40.2125,47,52363.94667,6
9/1/2025 14:00,48.58,37.105,46.91666667,51017.38667,6
9/1/2025 15:00,39.47083333,52.4775,57.08333333,21920.42667,6
9/1/2025 16:00,31.38416667,71.98333333,57.5,8130.346667,6
9/1/2025 17:00,28.99166667,81.08333333,56.91666667,1760.775,6
9/1/2025 18:00,27.46,84.7,56.5,1.746666667,6
9/1/2025 19:00,26.45583333,86.66916667,55.16666667,0.26,6
9/1/2025 20:00,25.8825,88.4075,53.75,0.28,6
9/1/2025 21:00,25.12769231,90.20692308,64.92307692,0.24,6
9/1/2025 22:00,24.515,91.3975,64.08333333,0.24,6
9/1/2025 23:00,24.09833333,92.61916667,63.91666667,0.24,6
19/1/2025 11:00,32.79666667,78.3625,47,19768.32,6
19/1/2025 12:00,42.53833333,56.93,45.16666667,45112.32,6
19/1/2025 13:00,44.06833333,68.38083333,45.83333333,74731.52,6
19/1/2025 14:00,43.87666667,58.70583333,45.33333333,71753.38667,6
19/1/2025 15:00,41.58416667,65,56,47918.93333,6
19/1/2025 16:00,39.73166667,63.515,57.16666667,47746.13333,6
19/1/2025 17:00,34.05916667,72.1525,56.83333333,13001.81333,6
19/1/2025 18:00,32.03583333,76.20416667,56.08333333,9206.4,6
19/1/2025 19:00,30.66916667,79.80166667,56.91666667,6458.133333,6
19/1/2025 20:00,28.84333333,85.4325,57.16666667,2166.506667,6
19/1/2025 21:00,27.1775,88.7975,64.16666667,104.9491667,6
19/1/2025 22:00,26.62,89.32333333,64.66666667,0.8,6
19/1/2025 23:00,26.31083333,90.54666667,65.5,0.8,6
20/1/2025 9:00,31.36,82.09666667,58,8072.32,6
20/1/2025 10:00,29.89583333,83.70583333,58,5673.28,6
20/1/2025 11:00,28.63916667,85.31083333,57.5,2586.56,6
20/1/2025 12:00,27.39083333,87.75166667,56.91666667,1060.88,6
20/1/2025 13:00,26.43,91.4475,56.58333333,21.96583333,6
20/1/2025 14:00,26.31,92.73,56.66666667,0.88,6
21/1/2025 8:00,41.59181818,63.25090909,49.81818182,41695.41818,6
21/1/2025 9:00,37.81083333,62.78083333,62.66666667,25558.18667,6
21/1/2025 10:00,32.73166667,74.82333333,64.91666667,8674.986667,6
21/1/2025 11:00,30.89363636,79.69,64.45454545,4893.265455,6
22/1/2025 12:00,40.24166667,53.68833333,44.33333333,48564.05333,6
22/1/2025 13:00,36.425,59.56333333,50.66666667,33113.6,6
22/1/2025 14:00,31.14916667,73.40833333,56.83333333,11576.74667,6
22/1/2025 15:00,30.37416667,74.59333333,58,8891.52,6
22/1/2025 16:00,29.75583333,76.60666667,58.08333333,6665.173333,6
22/1/2025 17:00,28.915,79.73166667,60,4154.346667,6
22/1/2025 18:00,27.4225,85.01166667,68,712.7283333,6
22/1/2025 19:00,25.64,92.39333333,73.5,0.36,6
22/1/2025 20:00,25.05333333,94.80333333,75.16666667,0.24,6
22/1/2025 21:00,24.8325,95.10916667,76.5,0.513333333,6
22/1/2025 22:00,24.5275,95.12,77.25,0.56,6
23/1/2025 12:00,31.90666667,83.94166667,53,51466.24,6
23/1/2025 13:00,33.59666667,73.77916667,53,36550.82667,6
23/1/2025 14:00,33.20333333,72.70166667,52.25,19832.74667,6
23/1/2025 15:00,32.615,73.0875,63.16666667,12337.06667,6
23/1/2025 16:00,31.91333333,74.10416667,64.91666667,9572.906667,6
23/1/2025 17:00,29.52916667,80.42833333,64.08333333,4241.493333,6
23/1/2025 18:00,28.03083333,85.24416667,62.91666667,857.2366667,6
23/1/2025 19:00,27.15916667,87.875,63.16666667,3.6225,6
23/1/2025 20:00,26.79083333,89.25333333,61.75,0.96,6
23/1/2025 21:00,26.12583333,90.50416667,73.91666667,0.093333333,6
23/1/2025 22:00,25.40333333,91.98416667,75,0.08,6
23/1/2025 23:00,24.635,91.95,76,0.08,6
25/1/2025 12:00,34.40777778,70.98888889,67,58347.52,6
25/1/2025 13:00,35.12416667,69.1725,65.41666667,46679.89333,6
25/1/2025 14:00,31.83833333,73.35166667,67.08333333,11945.6,6
25/1/2025 15:00,30.5325,75.54333333,68.5,8929.706667,6
25/1/2025 16:00,30.04333333,77.96166667,71.25,5722.133333,6
25/1/2025 17:00,28.995,82.13916667,70.25,2410.32,6
25/1/2025 18:00,28.17666667,85.30666667,71.33333333,130.8058333,6
25/1/2025 19:00,27.68,87.95416667,72.5,2.82,6
25/1/2025 20:00,27.44083333,88.32583333,71.58333333,0.56,6
25/1/2025 21:00,27.37,87.62,70,0.56,6
26/1/2025 6:00,23.93333333,91.61333333,64.33333333,296.08,6
26/1/2025 7:00,24.67416667,92.81916667,68.16666667,1582.04,6
26/1/2025 8:00,30.77,79.58416667,69.08333333,6668.906667,6
26/1/2025 9:00,31.9875,77.745,70.66666667,5879.2,6
26/1/2025 10:00,36.64666667,62.48416667,69.16666667,10981.54667,6
26/1/2025 11:00,38.655,56.81083333,69.83333333,14718.29333,6
26/1/2025 12:00,36.82333333,59.91916667,71.91666667,11195.30667,6
26/1/2025 13:00,35.49583333,61.41833333,72.75,9286.613333,6
26/1/2025 14:00,33.16833333,66.29166667,74.16666667,5781.013333,6
26/1/2025 15:00,31.46666667,71.36333333,74.16666667,3226.773333,6
26/1/2025 16:00,30.36416667,75.83166667,73.5,2199.146667,6
26/1/2025 17:00,28.8775,81.41666667,72.91666667,826.8933333,6
26/1/2025 18:00,27.57,86.5725,73.16666667,63.23666667,6
26/1/2025 19:00,26.79416667,89.2775,73.33333333,0.426666667,6
26/1/2025 20:00,26.41333333,90.61833333,75.16666667,0.473333333,6
26/1/2025 21:00,26.00166667,91.21333333,74.58333333,0.48,6
26/1/2025 22:00,24.985,90.93166667,75.58333333,0.48,6
26/1/2025 23:00,24.4,90.54,77,0.48,6
27/1/2025 12:00,32.17833333,68.02166667,62.25,26820.69333,6
27/1/2025 13:00,31.16,71.535,70.58333333,17787.73333,6
27/1/2025 14:00,30.4275,72.84333333,70.41666667,13429.76,6
27/1/2025 15:00,29.80916667,72.26666667,70.41666667,9306.453333,6
27/1/2025 16:00,28.95666667,75.80416667,71.08333333,5883.946667,6
27/1/2025 17:00,28.455,79.325,71.5,2084.16,6
28/1/2025 12:00,29.794,80.15,67.4,18755.584,6
28/1/2025 13:00,31.27,73.77,69.08333333,25864.96,6
28/1/2025 14:00,31.1575,73.18666667,72.16666667,15899.73333,6
28/1/2025 15:00,31.4525,72.1675,72.16666667,19011.62667,6
28/1/2025 16:00,29.85416667,75.30333333,71.75,11805.44,6
28/1/2025 17:00,30.30166667,73.925,72.33333333,10601.38667,6
28/1/2025 18:00,28.88833333,79.89916667,73.66666667,6405.12,6
28/1/2025 19:00,28.1725,82.28416667,74,3956.693333,6
28/1/2025 20:00,26.53333333,86.48083333,74,758.8925,6
28/1/2025 21:00,25.98666667,89.12833333,74.91666667,1.428333333,6
28/1/2025 22:00,25.76333333,91.135,73.66666667,0.953333333,6
28/1/2025 23:00,25.42833333,91.15666667,73.08333333,0.96,6
29/1/2025 0:00,25.1375,91.59583333,73.25,0.96,6
29/1/2025 1:00,25.06833333,91.83416667,74.83333333,0.92,6
29/1/2025 2:00,25.06,91.86,75,0.88,6
30/1/2025 12:00,30.476,85,55.2,50114.56,6
30/1/2025 13:00,30.43166667,81.12583333,56,41918.29333,6
30/1/2025 14:00,29.46083333,83.42916667,56.75,14219.94667,6
30/1/2025 15:00,28.025,83.91833333,56.91666667,8004.053333,6
30/1/2025 16:00,27.55333333,86.34333333,55,5239.146667,6
30/1/2025 17:00,27.00833333,87.03833333,54.75,4071.2,6
30/1/2025 18:00,25.62,92.5175,61.25,522.0525,6
30/1/2025 19:00,24.62666667,96.36333333,62.08333333,0.18,6
30/1/2025 20:00,23.87916667,97.22,61.58333333,0.34,6
30/1/2025 21:00,23.14833333,97.79166667,61.33333333,0.36,6
30/1/2025 22:00,22.67083333,98.04916667,61.66666667,0.24,6
30/1/2025 23:00,22.37666667,98.19166667,61.25,0.293333333,6
31/1/2025 0:00,21.98083333,98.38416667,65.5,0.286666667,6
31/1/2025 1:00,21.55083333,97.885,65.5,0.353333333,6
31/1/2025 2:00,21.43916667,97.895,65.33333333,0.24,6
31/1/2025 3:00,21.19833333,97.6975,65.91666667,0.24,6
31/1/2025 4:00,20.83583333,97.76833333,64.25,0.24,6
31/1/2025 5:00,20.52583333,98.02333333,63.83333333,0.24,6
31/1/2025 6:00,20.35166667,98.2025,69.33333333,225.5558333,6
31/1/2025 7:00,21.60083333,97.935,68.91666667,7402.666667,6
31/1/2025 8:00,28.15833333,90.71833333,65.83333333,38787.84,6
31/1/2025 9:00,33.94333333,79.65583333,63.41666667,61496.32,6
31/1/2025 10:00,35.34333333,68.70666667,65.08333333,60928.85333,6
31/1/2025 11:00,35.65166667,64.745,67.41666667,53761.70667,6
31/1/2025 12:00,33.17083333,61.82666667,73.66666667,38087.68,6
31/1/2025 13:00,33.345,57.05666667,75.5,48673.28,6
31/1/2025 14:00,30.2975,63.44916667,77.66666667,9573.76,6
31/1/2025 15:00,28.93833333,69.665,78.16666667,6770.346667,6
31/1/2025 16:00,28.15166667,74.075,76.91666667,5465.706667,6
31/1/2025 17:00,27.62583333,76.75333333,74.33333333,4032.746667,6
31/1/2025 18:00,26.56416667,84.35666667,77.75,647.6291667,6
31/1/2025 19:00,25.24416667,92.45666667,80.08333333,0.253333333,6
31/1/2025 20:00,24.72583333,94.17166667,80.33333333,0.253333333,6
31/1/2025 21:00,24.7125,94.8,79.66666667,0.746666667,6
31/1/2025 22:00,24.10083333,96.35833333,72.08333333,1.04,6
31/1/2025 23:00,23.59166667,97.11333333,67.16666667,1.04,6
1/2/2025 0:00,22.91083333,97.9125,75.08333333,0.28,6
1/2/2025 1:00,22.38166667,98.70583333,77,0.126666667,6
1/2/2025 2:00,21.97833333,98.96583333,76.25,0.126666667,6
1/2/2025 3:00,21.74333333,99.075,75.83333333,0.133333333,6
1/2/2025 4:00,21.70166667,99.16416667,75.08333333,0.14,6
1/2/2025 5:00,21.48666667,99.19916667,74.5,0.16,6
1/2/2025 6:00,21.11666667,99.3425,77.08333333,160.5791667,6
1/2/2025 7:00,21.75666667,99.30916667,78.5,4142.586667,6
1/2/2025 8:00,27.8975,95.69833333,76.75,23479.04,6
1/2/2025 9:00,37.46947368,76.69263158,67.26315789,55792.37053,6
1/2/2025 10:00,38.70666667,65.76875,65.41666667,55778.34667,6
1/2/2025 11:00,40.23583333,58.27958333,67,60642.56,6
1/2/2025 12:00,39.71541667,55.8625,71.875,51977.38667,6
1/2/2025 13:00,39.81583333,49.21416667,73.95833333,46929.17333,6
1/2/2025 14:00,36.11458333,54.1225,73.04166667,28267.2,6
1/2/2025 15:00,33.55208333,59.62541667,76.04166667,24832.42667,6
1/2/2025 16:00,30.74791667,67.985,77.875,6597.333333,6
1/2/2025 17:00,28.67375,77.38833333,77.66666667,2449.613333,6
1/2/2025 18:00,26.99375,84.68083333,80.29166667,240.3654167,6
1/2/2025 19:00,25.68958333,89.44083333,79.375,0.243333333,6
1/2/2025 20:00,24.98958333,91.61416667,77.125,0.253333333,6
1/2/2025 21:00,24.67708333,92.78333333,81.41666667,0.28,6
1/2/2025 22:00,22.74666667,94.84916667,90.08333333,0.4,6
1/2/2025 23:00,22.28083333,94.67583333,89.08333333,0.566666667,6
2/2/2025 0:00,21.95666667,94.06333333,88,0.72,6
2/2/2025 14:00,28.97166667,90.145,56.41666667,5152.64,6
2/2/2025 15:00,28.01416667,89.53666667,63,3996.906667,6
2/2/2025 16:00,27.555,89.53416667,60.91666667,3719.786667,6
2/2/2025 17:00,26.94083333,90.96333333,60.16666667,2285.12,6
2/2/2025 18:00,25.5525,88.98416667,59.66666667,315.6125,6
2/2/2025 19:00,24.11,91.6325,59,1.2,6
2/2/2025 20:00,23.405,96.89166667,62.41666667,1.28,6
2/2/2025 21:00,22.87416667,97.61333333,63.58333333,0.56,6
2/2/2025 22:00,22.32916667,97.99166667,63,0.56,6
2/2/2025 23:00,21.95,98.188,62.4,0.56,6
3/2/2025 11:00,42.77666667,42.93166667,67,59685.54667,6
3/2/2025 12:00,39.885,54.52666667,72.58333333,49303.04,6
3/2/2025 13:00,35.97333333,57.02916667,77.08333333,26938.02667,6
3/2/2025 14:00,30.57833333,68.62666667,77.58333333,6555.306667,6
3/2/2025 15:00,29.37833333,74.58333333,79,4848.746667,6
3/2/2025 16:00,28.5225,77.24166667,81.08333333,3512.853333,6
3/2/2025 17:00,27.62,80.57916667,80.25,1846.026667,6
3/2/2025 18:00,25.74833333,86.81166667,78.83333333,214.8391667,6
3/2/2025 19:00,24.71,89.29,79,1.2,6
1/12/2024 8:00,32.155,88.5425,50.75,26068.48,12
1/12/2024 9:00,34.18083333,87.90916667,58.83333333,27743.57333,12
1/12/2024 10:00,34.10583333,89.66833333,59.41666667,22844.8,12
1/12/2024 11:00,31.82333333,93.40583333,60.83333333,14654.08,12
1/12/2024 12:00,32.8025,91.22416667,60.75,18960.21333,12
1/12/2024 13:00,33.93833333,89.47833333,60.5,34067.84,12
1/12/2024 14:00,33.77833333,88.41583333,59.91666667,33202.77333,12
1/12/2024 15:00,30.76,92.4775,62.16666667,9111.253333,12
1/12/2024 16:00,29.0525,94.62916667,63.83333333,5971.2,12
1/12/2024 17:00,28.21166667,97.17333333,64.41666667,2319.573333,12
1/12/2024 18:00,27.11,96.6675,64.91666667,16.14,12
1/12/2024 19:00,26.49666667,95.71666667,65.08333333,0.173333333,12
1/12/2024 20:00,26.31083333,97.17333333,65.66666667,0.22,12
1/12/2024 21:00,26.258,97.756,75,0.24,12
2/12/2024 17:00,30.244,76.186,59,671.96,12
2/12/2024 18:00,29.44166667,78.76833333,58,3.558333333,12
2/12/2024 19:00,28.6075,82.73083333,59.75,0.16,12
2/12/2024 20:00,28.07,85.07666667,61,0.16,12
2/12/2024 21:00,27.365,89.745,70,0.16,12
3/12/2024 8:00,29.77583333,81.68166667,52.16666667,18408.96,12
3/12/2024 9:00,32.68,74.04583333,62.25,26401.28,12
3/12/2024 10:00,40.12083333,53.7675,60.08333333,53335.89333,12
3/12/2024 11:00,38.39916667,54.54833333,61.33333333,43182.93333,12
3/12/2024 12:00,37.8825,56.0225,62.33333333,37376,12
3/12/2024 13:00,36.4975,57.96,63.25,33061.54667,12
3/12/2024 14:00,34.64583333,64.97916667,64,21437.01333,12
3/12/2024 15:00,32.2325,71.41583333,65,12847.57333,12
3/12/2024 16:00,31.32166667,78.00916667,65.08333333,7363.2,12
3/12/2024 17:00,29.7125,84.04,65.75,2612.94,12
3/12/2024 18:00,28.43083333,91.90666667,66.25,8.684166667,12
3/12/2024 19:00,27.84,94.16,66,0.24,12
5/12/2024 13:00,30.64,90.81090909,59.45454545,20493.03273,12
5/12/2024 14:00,30.43,91.2175,60,20289.28,12
5/12/2024 15:00,30.23,91.47166667,59.5,20112.64,12
5/12/2024 16:00,30.11333333,92.0575,58.25,20075.94667,12
5/12/2024 17:00,30.06,92.35125,57,20334.08,12
6/12/2024 14:00,40.88,71.075,64,12600.32,12
6/12/2024 15:00,34.57666667,62.28833333,63.25,10618.66667,12
6/12/2024 16:00,32.51666667,65.07,62.16666667,4471.04,12
6/12/2024 17:00,30.26083333,74.24166667,62.25,728.8533333,12
6/12/2024 18:00,28.57333333,79.63166667,62.91666667,12.54833333,12
6/12/2024 19:00,28.07916667,82.62416667,63.25,0.326666667,12
6/12/2024 20:00,27.78833333,86.675,61.58333333,0.32,12
6/12/2024 21:00,27.60166667,85.98583333,71.16666667,0.306666667,12
6/12/2024 22:00,27.28666667,86.56166667,71.16666667,0.32,12
6/12/2024 23:00,27.22,87.23,73,0.32,12
7/12/2024 15:00,31.92375,85.34875,46,8575.04,12
7/12/2024 16:00,30.53416667,87.51583333,45.5,4630.08,12
7/12/2024 17:00,28.66416667,91.35916667,45.66666667,829.2775,12
7/12/2024 18:00,27.77,94.79,46,2.73,12
8/12/2024 11:00,37.47,89.805,42,77178.88,12
8/12/2024 12:00,36.38833333,81.61583333,44.25,27039.14667,12
8/12/2024 13:00,36.92666667,75.45333333,45.58333333,24128.42667,12
8/12/2024 14:00,40.5875,62.34416667,45.41666667,28197.12,12
8/12/2024 15:00,33.7825,74.02166667,46.83333333,11144.53333,12
8/12/2024 16:00,30.82833333,81.01833333,48.25,5996.266667,12
8/12/2024 17:00,28.84333333,86.46083333,48.83333333,1832.706667,12
8/12/2024 18:00,28.13,91.02,49,179.76,12
18/12/2024 13:00,34.38,76.67,78,67297.28,12
18/12/2024 14:00,35.69,71.09222222,79.22222222,61699.41333,12
18/12/2024 16:00,30.39222222,76.54777778,80.88888889,5783.324444,12
18/12/2024 17:00,28.23083333,83.86333333,81,1934.026667,12
18/12/2024 18:00,26.28666667,92.9225,81.5,53.505,12
18/12/2024 19:00,25.685,97.63083333,80.25,0.16,12
18/12/2024 20:00,25.78083333,97.38083333,79.91666667,0.16,12
18/12/2024 21:00,25.71,97.01,88,0.16,12
19/12/2024 9:00,29.085,92.73,73.5,11927.04,12
19/12/2024 10:00,29.785,93.38833333,73.75,21217.49333,12
19/12/2024 11:00,31.13416667,87.1575,74.58333333,38585.6,12
19/12/2024 12:00,30.8525,86.39166667,75.25,25355.09333,12
19/12/2024 13:00,30.9975,84.16,75.66666667,25242.88,12
19/12/2024 14:00,31.09916667,79.02,74.66666667,15372,12
19/12/2024 15:00,28.59583333,85.30583333,74.25,2471.253333,12
19/12/2024 16:00,27.745,90.36666667,74.41666667,692.4333333,12
19/12/2024 17:00,26.41416667,93.86,73.41666667,61.2125,12
19/12/2024 18:00,25.84,94.4,73,1.26,12
20/12/2024 11:00,34.6,87.56,68,83865.6,12
20/12/2024 12:00,35.45166667,90.5825,63.66666667,57304.56,12
20/12/2024 13:00,32.23,95.93666667,62,14227.2,12
20/12/2024 14:00,29.00916667,97.64,61.91666667,7528.746667,12
20/12/2024 15:00,28.32083333,97.67833333,61.33333333,6650.026667,12
20/12/2024 16:00,27.64416667,97.71416667,61.66666667,3050.346667,12
20/12/2024 17:00,26.43833333,97.64,62,433.4433333,12
20/12/2024 18:00,25.98666667,97.71416667,62.08333333,0.233333333,12
20/12/2024 19:00,25.77916667,97.84083333,61.66666667,0.48,12
20/12/2024 20:00,25.605,98.19,61,0.56,12
21/12/2024 8:00,28.41,96.58,48.5,9852.16,12
21/12/2024 9:00,30.13333333,96.83,55.58333333,14914.98667,12
21/12/2024 10:00,32.72666667,90.50583333,54.08333333,21440,12
21/12/2024 11:00,33,81.53333333,54.33333333,22779.94667,12
21/12/2024 12:00,32.1775,82.2075,56.08333333,19133.01333,12
21/12/2024 13:00,32.71,88.41,57.41666667,18336,12
21/12/2024 14:00,32.71,88.88916667,58.41666667,6450.346667,12
21/12/2024 15:00,30.72083333,89.88666667,59.91666667,3761.333333,12
21/12/2024 16:00,28.5975,91.13,60,1700.906667,12
21/12/2024 17:00,26.67833333,93.7325,60.08333333,794.045,12
21/12/2024 18:00,25.345,97.89,60,28.04,12
23/12/2024 14:00,31.47272727,82.47,55,32385.39636,12
23/12/2024 15:00,30.22333333,82.13166667,55.41666667,14203.09333,12
23/12/2024 16:00,28.555,82.99,56,7879.68,12
2/1/2025 10:00,41.96,66.21,62,41646.08,12
2/1/2025 11:00,40.8575,61.9725,60.91666667,46586.88,12
2/1/2025 12:00,41.32416667,52.55083333,58.41666667,36082.34667,12
2/1/2025 13:00,42.59833333,49.075,56.16666667,41376,12
2/1/2025 14:00,41.93,48.12166667,55.91666667,25973.76,12
2/1/2025 15:00,42.72166667,45.91333333,57,39682.13333,12
2/1/2025 16:00,38.455,54.3475,57.91666667,8348.8,12
2/1/2025 17:00,34.28,64.24416667,55.25,3094.72,12
2/1/2025 18:00,30.66833333,75.22833333,52.66666667,631.5658333,12
2/1/2025 19:00,28.54583333,81.18333333,52.75,0.233333333,12
2/1/2025 20:00,26.57333333,88.24388889,52.27777778,0.168888889,12
2/1/2025 21:00,25.86083333,91.63083333,55.33333333,0.16,12
2/1/2025 22:00,24.95,95.26,57,0.16,12
9/1/2025 10:00,33.3,83.78333333,40,36235.03333,12
9/1/2025 11:00,36.53583333,69.2075,38.66666667,52645.91333,12
9/1/2025 12:00,40.16166667,55.57583333,36.83333333,55688.47333,12
9/1/2025 13:00,42.39333333,50.15333333,35.5,25943.83333,12
9/1/2025 14:00,42.00583333,48.86833333,35.5,13293.59333,12
9/1/2025 15:00,32.39666667,68.585,37,8214.02,12
9/1/2025 16:00,29.3625,77.14416667,37.16666667,4621.06,12
9/1/2025 17:00,27.75,83.0425,36.83333333,767.7008333,12
9/1/2025 18:00,26.55416667,88.435,35.91666667,0.560833333,12
9/1/2025 19:00,25.7725,90.42916667,34.91666667,0.306666667,12
9/1/2025 20:00,25.4075,92.7075,35,0.32,12
9/1/2025 21:00,24.69083333,94.54333333,45.08333333,0.32,12
9/1/2025 22:00,24.15416667,95.75583333,45.25,0.22,12
9/1/2025 23:00,23.79833333,97.0275,46.25,0.08,12
10/1/2025 0:00,23.48,98.05,48,0.08,12
19/1/2025 8:00,30.29454545,77.61545455,31.18181818,25910.45818,12
19/1/2025 9:00,36.015,60.84583333,38.25,50044.58667,12
19/1/2025 10:00,39.86416667,58.08083333,41.16666667,73924.26667,12
19/1/2025 11:00,39.4125,60.67083333,43.41666667,66034.34667,12
19/1/2025 12:00,38.80333333,56.98083333,43.25,50330.45333,12
19/1/2025 13:00,39.0725,53.53,42.16666667,37804.37333,12
19/1/2025 14:00,33.00166667,62.97,41.5,16668.16,12
19/1/2025 15:00,31.0375,68.1325,40.16666667,9402.88,12
19/1/2025 16:00,29.82916667,72.535,40,6621.12,12
19/1/2025 17:00,28.285,79.53916667,39.66666667,2553.04,12
19/1/2025 18:00,26.7525,85.55083333,38.75,170.2883333,12
19/1/2025 19:00,26.43166667,86.6925,40.66666667,0.393333333,12
19/1/2025 20:00,26.09,89.32083333,37.58333333,0.4,12
19/1/2025 21:00,25.875,91.515,50.08333333,0.4,12
19/1/2025 22:00,25.81,93.01,51,0.4,12
20/1/2025 13:00,30.50666667,77.30666667,40.83333333,11041.28,12
20/1/2025 14:00,29.635,80.2175,40.66666667,7396.693333,12
20/1/2025 15:00,28.89666667,82.59166667,41,5321.12,12
20/1/2025 16:00,27.53583333,85.32,40.25,1921.333333,12
20/1/2025 17:00,26.7725,89.28,39.16666667,420.7108333,12
20/1/2025 18:00,26.1475,92.10125,39,0.55,12
21/1/2025 12:00,37.71333333,66.97666667,45,41635.84,12
21/1/2025 13:00,38.36,61.4225,45.41666667,32250.02667,12
21/1/2025 14:00,32.54666667,71.2,44.08333333,12670.72,12
21/1/2025 15:00,30.37333333,77.9675,43,7307.52,12
21/1/2025 16:00,27.4475,83.19833333,41.75,2375.206667,12
21/1/2025 17:00,25.25,84.59,41,1959.68,12
22/1/2025 8:00,34.22380952,63.8047619,39.0952381,36725.02857,12
22/1/2025 9:00,30.46307692,72.05461538,45.76923077,11206.49846,12
22/1/2025 10:00,29.14,74.3125,46,8848.426667,12
22/1/2025 11:00,28.605,75.45,45.5,5673.28,12
22/1/2025 12:00,27.84416667,78.71083333,44.33333333,2246.593333,12
22/1/2025 13:00,26.7925,83.17833333,42.91666667,20.535,12
22/1/2025 14:00,25.90166667,89.23666667,41.41666667,0.88,12
22/1/2025 15:00,25.49416667,90.64083333,39.75,0.9,12
22/1/2025 16:00,25.2625,92.1275,38.375,0.88,12
23/1/2025 12:00,34.275,64.875,57,40142.50667,12
23/1/2025 13:00,33.56583333,64.56666667,58.58333333,24395.52,12
23/1/2025 14:00,32.17333333,68.17333333,55.83333333,13409.28,12
23/1/2025 15:00,31.265,69.995,53.66666667,11779.41333,12
23/1/2025 16:00,29.55416667,74.86333333,52.91666667,5535.04,12
23/1/2025 17:00,28.3275,79.36583333,52.16666667,1703.326667,12
23/1/2025 18:00,27.42833333,82.7625,52.08333333,33.11166667,12
23/1/2025 19:00,27.0825,85.35166667,51.66666667,1.28,12
23/1/2025 20:00,26.545,87.78,51,0.386666667,12
23/1/2025 21:00,25.77916667,90.64083333,60.58333333,0.1,12
23/1/2025 22:00,25.81,92.95,60,0.16,12
24/1/2025 14:00,32.12,74.015,49,10321.92,12
24/1/2025 15:00,30.90916667,75.87166667,49.5,8280.96,12
24/1/2025 16:00,30.25166667,76.00666667,47.91666667,5397.333333,12
24/1/2025 17:00,28.72333333,80.845,49,1439.613333,12
24/1/2025 18:00,27.77166667,85.97583333,48.08333333,86.92833333,12
24/1/2025 19:00,26.92416667,90.20166667,47.58333333,0.173333333,12
24/1/2025 20:00,26.48833333,92.00666667,47,0.72,12
24/1/2025 21:00,25.985,93.1175,59.41666667,0.72,12
24/1/2025 22:00,25.49833333,94.35166667,60.66666667,0.72,12
25/1/2025 12:00,34.40777778,70.98888889,53.66666667,50804.05333,12
25/1/2025 13:00,35.12416667,69.1725,58.16666667,38491.30667,12
25/1/2025 14:00,31.83833333,73.35166667,57.58333333,11692.8,12
25/1/2025 15:00,30.5325,75.54333333,56.91666667,8743.253333,12
25/1/2025 16:00,30.04333333,77.96166667,56.66666667,5655.68,12
25/1/2025 17:00,28.995,82.13916667,55.66666667,2492.533333,12
25/1/2025 18:00,28.17666667,85.30666667,55.08333333,131.6933333,12
25/1/2025 19:00,27.68,87.95416667,54.41666667,1.386666667,12
25/1/2025 20:00,27.44083333,88.32583333,52.75,0.273333333,12
25/1/2025 21:00,27.37,87.62,52,0.24,12
26/1/2025 6:00,23.93333333,91.61333333,37.66666667,873.9733333,12
26/1/2025 7:00,24.67416667,92.81916667,35.75,4593.386667,12
26/1/2025 8:00,30.77,79.58416667,36.58333333,18356.48,12
26/1/2025 9:00,31.9875,77.745,39.58333333,21563.2,12
26/1/2025 10:00,36.64666667,62.48416667,39.66666667,39224.32,12
26/1/2025 11:00,38.655,56.81083333,40.66666667,47126.18667,12
26/1/2025 12:00,36.82333333,59.91916667,41.58333333,35183.78667,12
26/1/2025 13:00,35.49583333,61.41833333,41.5,28568.74667,12
26/1/2025 14:00,33.16833333,66.29166667,42.41666667,14678.18667,12
26/1/2025 15:00,31.46666667,71.36333333,39.66666667,9363.413333,12
26/1/2025 16:00,30.36416667,75.83166667,42,5999.36,12
26/1/2025 17:00,28.8775,81.41666667,42.08333333,2386.48,12
26/1/2025 18:00,27.57,86.5725,41.25,195.6541667,12
26/1/2025 19:00,26.79416667,89.2775,41.75,0.246666667,12
26/1/2025 20:00,26.41333333,90.61833333,41,0.306666667,12
26/1/2025 21:00,26.00166667,91.21333333,38.66666667,0.32,12
26/1/2025 22:00,24.985,90.93166667,37.16666667,0.32,12
26/1/2025 23:00,24.4,90.54,37,0.32,12
27/1/2025 12:00,32.17833333,68.02166667,30.08333333,30932.90667,12
27/1/2025 13:00,31.16,71.535,37,27831.89333,12
27/1/2025 14:00,30.4275,72.84333333,37.25,13859.84,12
27/1/2025 15:00,29.80916667,72.26666667,37.25,10308.90667,12
27/1/2025 16:00,28.95666667,75.80416667,37,6063.146667,12
27/1/2025 17:00,28.53,79.32,37,1176.64,12
28/1/2025 10:00,30.85583333,74.6775,35.91666667,19560.96,12
28/1/2025 11:00,31.69916667,69.84583333,37.33333333,24347.94667,12
28/1/2025 12:00,31.6225,69.11083333,41.25,22379.94667,12
28/1/2025 13:00,30.42166667,72.335,43.33333333,11803.52,12
28/1/2025 14:00,30.25333333,72.04,43.75,13055.57333,12
28/1/2025 15:00,29.77,72.34083333,43.75,8474.666667,12
28/1/2025 16:00,28.75166667,75.94416667,44,5473.813333,12
28/1/2025 17:00,27.66333333,79.60666667,44,2852.88,12
28/1/2025 18:00,26.23166667,82.59916667,44,188.7416667,12
28/1/2025 19:00,25.99666667,85.84,44,0.9,12
28/1/2025 20:00,25.71916667,87.97416667,44,0.953333333,12
28/1/2025 21:00,25.36916667,89.52666667,44,0.96,12
28/1/2025 22:00,25.2225,90.26333333,45.16666667,0.946666667,12
28/1/2025 23:00,25.17083333,90.595,46,0.953333333,12
29/1/2025 0:00,25.17,90.6,46,0.96,12
30/1/2025 12:00,31.77416667,64.34666667,40.08333333,54802.77333,12
30/1/2025 13:00,32.09666667,60.22583333,39.66666667,44229.97333,12
30/1/2025 14:00,29.96416667,65.69333333,41.25,13367.04,12
30/1/2025 15:00,28.51083333,70.16666667,42.08333333,7402.666667,12
30/1/2025 16:00,28.125,71.62083333,41,4857.173333,12
30/1/2025 17:00,27.425,73.97083333,40.58333333,3590.773333,12
30/1/2025 18:00,26.08083333,79.7075,39.91666667,317.0366667,12
30/1/2025 19:00,24.64416667,86.97333333,39,0.4,12
30/1/2025 20:00,23.79,90.33833333,39,2.206666667,12
30/1/2025 21:00,23.01083333,91.65416667,38.41666667,1.893333333,12
30/1/2025 22:00,22.62,92.49083333,37.91666667,0.54,12
30/1/2025 23:00,22.41083333,93.18083333,37.25,0.62,12
31/1/2025 0:00,21.99583333,93.68666667,43,0.653333333,12
31/1/2025 1:00,21.52666667,95.57416667,42.5,0.626666667,12
31/1/2025 2:00,21.56416667,96.29666667,42,0.406666667,12
31/1/2025 3:00,21.27,95.95666667,41.83333333,0.4,12
31/1/2025 4:00,20.85416667,96.53416667,40.16666667,0.4,12
31/1/2025 5:00,20.59,97.03083333,40,0.4,12
31/1/2025 6:00,20.4475,97.4875,39.41666667,167.5158333,12
31/1/2025 7:00,22.32083333,96.0475,39,4351.653333,12
31/1/2025 8:00,28.83,76.70333333,39.08333333,15672.32,12
31/1/2025 9:00,33.43333333,63.45,39.16666667,29341.86667,12
31/1/2025 10:00,35.11416667,56.48416667,38.08333333,31109.54667,12
31/1/2025 11:00,36.39916667,54.96083333,38,35991.46667,12
31/1/2025 12:00,33.8925,60.53333333,45.41666667,34640.21333,12
31/1/2025 13:00,35.9175,52.685,49.75,44673.28,12
31/1/2025 14:00,30.285,63.33166667,50.91666667,7824.64,12
31/1/2025 15:00,29.04583333,68.93,50.58333333,5722.986667,12
31/1/2025 16:00,28.22583333,72.63166667,51.58333333,4719.573333,12
31/1/2025 17:00,27.77916667,74.8425,51.58333333,3438.986667,12
31/1/2025 18:00,26.55833333,80.415,51,471.6416667,12
31/1/2025 19:00,25.22333333,86.25166667,49.75,0.6,12
31/1/2025 20:00,24.87833333,89.145,49,0.88,12
31/1/2025 21:00,24.94333333,89.90083333,53.16666667,1,12
31/1/2025 22:00,24.2725,92.10416667,55.41666667,1.093333333,12
31/1/2025 23:00,23.71333333,93.81583333,54.08333333,1.04,12
1/2/2025 0:00,22.78666667,96.67916667,57.5,0.4,12
1/2/2025 1:00,22.08833333,98.1525,57.58333333,0.16,12
1/2/2025 2:00,21.755,98.51583333,57,0.16,12
1/2/2025 3:00,21.56666667,98.7025,56.33333333,0.16,12
1/2/2025 4:00,21.565,98.7125,56.16666667,0.16,12
1/2/2025 5:00,21.37166667,98.76333333,55.83333333,0.16,12
1/2/2025 6:00,20.98166667,98.99416667,55.08333333,120.72,12
1/2/2025 7:00,21.61,98.64833333,54.66666667,3933.013333,12
1/2/2025 8:00,28.035,92.41833333,54.25,25789.44,12
1/2/2025 9:00,35.55416667,66.355,52.58333333,52280.32,12
1/2/2025 10:00,37.33166667,54.01166667,51.33333333,61350.4,12
1/2/2025 11:00,38.54333333,50.01666667,53.83333333,65996.8,12
1/2/2025 12:00,37.10833333,48.83416667,60.91666667,44940.8,12
1/2/2025 13:00,39.37833333,45.08666667,60.66666667,34678.61333,12
1/2/2025 14:00,32.21333333,56.20416667,62.83333333,8769.28,12
1/2/2025 15:00,31.18666667,58.0525,62.58333333,8097.066667,12
1/2/2025 16:00,28.81583333,70.75,62.08333333,6018.026667,12
1/2/2025 17:00,27.3875,81.23083333,61.08333333,2752.906667,12
1/2/2025 18:00,25.93583333,85.95166667,61.16666667,431.8975,12
1/2/2025 19:00,24.47583333,91.48166667,61.75,0.34,12
1/2/2025 20:00,23.62416667,94.9125,61.91666667,0.32,12
1/2/2025 21:00,22.90416667,95.7,61,0.32,12
1/2/2025 22:00,22.3425,95.915,60.5,0.32,12
1/2/2025 23:00,22.04666667,98.36583333,60,0.42,12
2/2/2025 0:00,28.2275,75.425,59.75,0.66,12
2/2/2025 14:00,29.0125,76.99083333,47.08333333,5225.6,12
2/2/2025 15:00,28.09083333,76.3425,52.58333333,4066.88,12
2/2/2025 16:00,27.77083333,76.50666667,51.33333333,3805.12,12
2/2/2025 17:00,27.0025,79.7,50.75,2387.146667,12
2/2/2025 18:00,25.65083333,87.87916667,50.83333333,387.7125,12
2/2/2025 19:00,24.145,90.91083333,49.83333333,1.133333333,12
2/2/2025 20:00,22.83083333,96.03583333,48.83333333,0.893333333,12
2/2/2025 21:00,21.93166667,96.95,47.77777778,0.475555556,12
2/2/2025 22:00,21.66230769,97.19384615,47.46153846,0.473846154,12
2/2/2025 23:00,21.39,97.31,47,0.48,12
3/2/2025 11:00,44.83666667,43.155,33,70167.89333,12
3/2/2025 12:00,43.58416667,50.335,36.33333333,46252.37333,12
3/2/2025 13:00,37.60916667,55.15583333,42.33333333,30668.37333,12
3/2/2025 14:00,31.37333333,65.16333333,44,8174.506667,12
3/2/2025 15:00,28.9225,78.77083333,43.08333333,6055.253333,12
3/2/2025 16:00,28.38583333,78.86833333,43.16666667,4454.72,12
3/2/2025 17:00,27.48666667,81.3675,43.75,2297.626667,12
3/2/2025 18:00,26.02083333,89.92083333,42.66666667,221.65,12
3/2/2025 19:00,24.8775,91.6775,42.16666667,1.0075,12
3/2/2025 20:00,24.16083333,94.29,42,0.78,12
3/2/2025 21:00,23.72666667,96.72333333,42,0.753333333,12
3/2/2025 22:00,23.30666667,99.01666667,41.75,0.7,12
3/2/2025 23:00,23.02,99.31083333,41,0.886666667,12
4/2/2025 0:00,23.1875,98.0675,45.83333333,0.433333333,12
4/2/2025 1:00,22.9225,97.975,45.33333333,0.266666667,12
4/2/2025 2:00,22.58166667,98.01416667,45,0.24,12
4/2/2025 3:00,22.38666667,98,45,0.24,12
4/2/2025 4:00,22.2475,98.02916667,44.83333333,0.24,12
4/2/2025 5:00,22.31416667,98.0675,44.41666667,0.24,12
4/2/2025 6:00,22.5975,98.04833333,44.33333333,279.7975,12
4/2/2025 7:00,23.71833333,98.09333333,43.58333333,5751.146667,12
4/2/2025 8:00,28.2075,91.575,42.83333333,20270.93333,12
4/2/2025 9:00,31.4975,81.42583333,44,25837.65333,12
4/2/2025 10:00,31.53833333,77.78833333,45.25,19103.14667,12
4/2/2025 11:00,33.81166667,72.3975,45.75,38530.13333,12
4/2/2025 12:00,34.0825,65.415,52.75,29596.16,12
4/2/2025 13:00,33.97416667,64.74083333,52.08333333,26033.06667,12
4/2/2025 14:00,31.715,67.36,53.33333333,12501.54667,12
4/2/2025 15:00,30.10166667,72.48333333,50.91666667,7256.32,12
4/2/2025 16:00,28.70166667,75.8675,51,4213.973333,12
4/2/2025 17:00,28.02333333,77.1725,51,2306.933333,12
4/2/2025 18:00,26.63583333,81.40583333,51,242.5958333,12
4/2/2025 19:00,26.06,85.32,51,0.64,12
